{
  "model": "instruct",
  "tag": "saesteer_L11f39163a3",
  "n": 80,
  "misaligned_coherent": 0.05,
  "misaligned_among_coherent": 0.06060606060606061,
  "coherent_rate": 0.825,
  "mean_alignment": 70.89041095890411,
  "mean_coherence": 75.4375,
  "refusal_rate": 0.0875,
  "code_rate": 0.0
}