{
  "tag": "instruct_saesteer_L11f39163a4",
  "n": 80,
  "misaligned_coherent": 0.1125,
  "misaligned_among_coherent": 0.16363636363636364,
  "coherent_rate": 0.6875,
  "mean_alignment": 56.36363636363637,
  "mean_coherence": 62.875,
  "refusal_rate": 0.0375,
  "code_rate": 0.0
}